Rank,Player,Team,Opp,Position,Rush,Rush Yds,Rush TDs,0-9 RushTDs,10-19 RushTDs,20-29 RushTDs,30-39 RushTDs,40-49 RushTDs,50+ RushTDs,Tgt,RZTgt,Rec,Rec Yds,Rec TDs,>= 50yds,>= 100yds,Punt Ret Yds,Kick Ret Yds,Fum Lost,Scoring Opps,Pts
1,"McCaffrey, Christian",CAR,@GBP,RB,18.4,78.0,0.8,0.7,0.0,0.0,0.0,0.0,0.1,8.3,0.9,6.7,52.0,0.2,0.7,0.1,0.0,0.0,0.0,2.6,26.1
2,"Henry, Derrick",TEN,DET,RB,26.2,132.0,1.2,0.8,0.3,0.1,0.0,0.0,0.1,2.2,0.1,1.4,11.0,0.1,0.0,0.0,0.0,0.0,0.1,2.5,23.4
3,"Cook, Dalvin",MIN,CHI,RB,19.5,94.0,1.0,0.8,0.0,0.1,0.0,0.0,0.1,3.9,0.1,3.3,29.0,0.0,0.1,0.1,0.0,0.0,0.2,2.1,21.3
4,"Kamara, Alvin",NOS,KCC,RB,11.9,53.0,0.6,0.6,0.0,0.0,0.0,0.0,0.0,7.4,0.9,5.9,49.0,0.2,0.2,0.1,1.0,6.0,0.0,1.8,21.1
5,"Mostert, Raheem",SFO,@DAL,RB,14.2,67.0,1.0,0.6,0.2,0.0,0.0,0.1,0.1,3.1,0.4,2.6,23.0,0.1,0.1,0.1,0.0,4.0,0.1,1.7,17.9
6,"Jones, Aaron",GBP,CAR,RB,14.1,64.0,0.7,0.5,0.1,0.0,0.0,0.0,0.1,4.3,0.5,3.3,27.0,0.2,0.1,0.1,0.0,0.0,0.1,1.7,17.5
7,"Robinson, James",JAC,@BAL,RB,17.8,80.0,0.4,0.3,0.1,0.0,0.0,0.0,0.0,4.6,0.3,3.4,25.0,0.2,0.1,0.1,0.0,0.0,0.1,1.3,17.4
8,"Elliott, Ezekiel",DAL,SFO,RB,18.0,75.0,0.5,0.4,0.1,0.0,0.0,0.0,0.0,5.0,0.6,3.5,24.0,0.2,0.1,0.1,0.0,0.0,0.3,1.8,16.9
9,"Gibson, Antonio",WAS,SEA,RB,13.0,60.0,1.0,0.7,0.1,0.1,0.1,0.0,0.0,3.5,0.3,2.8,22.0,0.0,0.1,0.0,0.0,0.0,0.2,1.9,16.6
10,"Jacobs, Josh",LVR,LAC,RB,19.7,82.0,0.7,0.5,0.2,0.0,0.0,0.0,0.0,3.0,0.2,2.4,16.0,0.0,0.1,0.0,0.0,0.0,0.2,1.9,16.4
11,"Ekeler, Austin",LAC,@LVR,RB,11.4,48.0,0.1,0.1,0.0,0.0,0.0,0.0,0.0,6.8,0.8,5.2,47.0,0.2,0.2,0.1,0.0,0.0,0.0,1.0,16.3
12,"Chubb, Nick",CLE,@NYG,RB,17.4,92.0,0.5,0.3,0.1,0.1,0.0,0.0,0.0,2.5,0.3,1.8,13.0,0.1,0.1,0.0,0.0,0.0,0.1,1.4,15.6
13,"Thompson, Chris",JAC,@BAL,RB,13.7,62.0,0.3,0.3,0.1,0.0,0.0,0.0,0.0,4.3,0.3,3.4,25.0,0.2,0.1,0.1,0.0,0.0,0.0,1.2,15.3
14,"Carson, Chris",SEA,@WAS,RB,13.3,60.0,0.6,0.5,0.1,0.1,0.0,0.0,0.0,3.2,0.3,2.6,17.0,0.2,0.1,0.0,0.0,0.0,0.1,1.8,15.1
15,"Taylor, Jonathan",IND,HOU,RB,15.2,60.0,0.5,0.4,0.0,0.0,0.0,0.0,0.0,3.7,0.2,3.2,26.0,0.0,0.1,0.1,0.0,0.0,0.1,1.5,14.6
16,"Mixon, Joe",CIN,PIT,RB,16.4,65.0,0.4,0.2,0.1,0.0,0.0,0.0,0.0,3.7,0.5,2.8,20.0,0.2,0.1,0.0,0.0,1.0,0.0,1.8,14.5
17,"Drake, Kenyan",ARI,PHI,RB,15.7,68.0,0.6,0.5,0.0,0.0,0.0,0.0,0.1,3.2,0.3,2.3,16.0,0.0,0.1,0.0,0.0,0.0,0.1,1.9,14.5
18,"Swift, D'Andre",DET,@TEN,RB,11.1,45.0,0.5,0.5,0.0,0.0,0.0,0.0,0.0,3.7,0.6,2.9,25.0,0.2,0.1,0.1,0.0,0.0,0.0,1.4,14.1
19,"Conner, James",PIT,@CIN,RB,14.3,62.0,0.5,0.4,0.1,0.0,0.0,0.0,0.0,3.4,0.5,2.9,18.0,0.1,0.1,0.0,0.0,0.0,0.0,1.1,14.0
20,"Sanders, Miles",PHI,@ARI,RB,12.6,67.0,0.3,0.2,0.0,0.0,0.0,0.0,0.1,4.1,0.4,2.6,22.0,0.1,0.1,0.0,0.0,3.0,0.1,1.3,13.7
21,"Gallman, Wayne",NYG,CLE,RB,13.9,48.0,0.8,0.7,0.0,0.0,0.0,0.0,0.0,3.5,0.7,2.5,16.0,0.0,0.1,0.0,0.0,1.0,0.1,1.7,13.6
22,"Gaskin, Myles",MIA,NEP,RB,14.7,52.0,0.4,0.4,0.0,0.0,0.0,0.0,0.0,4.6,0.6,3.6,24.0,0.0,0.1,0.1,0.0,0.0,0.1,1.7,13.5
23,"Gordon, Melvin",DEN,BUF,RB,14.8,61.0,0.6,0.4,0.0,0.1,0.0,0.1,0.0,3.1,0.2,2.3,13.0,0.1,0.1,0.0,0.0,0.0,0.3,1.1,13.3
24,"Gurley, Todd",ATL,TBB,RB,14.9,54.0,0.8,0.6,0.1,0.0,0.1,0.0,0.0,2.4,0.3,1.8,10.0,0.1,0.0,0.0,0.0,0.0,0.0,1.7,13.1
25,"Moss, Zack",BUF,@DEN,RB,11.5,53.0,0.4,0.4,0.0,0.0,0.0,0.0,0.0,3.0,0.2,2.3,18.0,0.1,0.1,0.0,0.0,0.0,0.0,1.2,12.6
26,"Montgomery, David",CHI,@MIN,RB,14.1,56.0,0.2,0.2,0.0,0.0,0.0,0.0,0.0,3.6,0.6,2.7,19.0,0.1,0.1,0.0,0.0,0.0,0.1,1.5,12.3
27,"Hunt, Kareem",CLE,@NYG,RB,11.3,48.0,0.3,0.2,0.1,0.0,0.0,0.0,0.0,3.4,0.6,2.5,19.0,0.2,0.1,0.0,0.0,2.0,0.0,1.1,12.3
28,"Davis, Mike",CAR,@GBP,RB,10.3,40.0,0.3,0.2,0.0,0.0,0.0,0.0,0.0,4.7,0.7,3.8,24.0,0.1,0.1,0.1,0.0,1.0,0.1,1.2,12.2
29,"Edwards-Helaire, Clyde",KCC,@NOS,RB,10.9,49.0,0.4,0.2,0.2,0.0,0.0,0.0,0.0,3.4,0.5,2.4,18.0,0.1,0.1,0.0,0.0,0.0,0.0,0.9,12.1
30,"Michel, Sony",NEP,@MIA,RB,13.7,66.0,0.3,0.3,0.0,0.0,0.0,0.0,0.0,2.3,0.3,1.5,16.0,0.1,0.1,0.0,0.0,1.0,0.0,1.1,12.1
31,"Harris, Damien",NEP,@MIA,RB,12.3,61.0,0.4,0.3,0.0,0.1,0.0,0.0,0.0,2.2,0.3,1.6,14.0,0.1,0.1,0.0,0.0,0.0,0.1,1.4,11.8
32,"Dobbins, J.K.",BAL,JAC,RB,10.3,52.0,0.4,0.4,0.0,0.0,0.0,0.0,0.0,2.3,0.1,1.8,14.0,0.1,0.1,0.0,0.0,0.0,0.0,0.5,11.3
33,"Akers, Cam",LAR,NYJ,RB,10.3,49.0,0.6,0.6,0.0,0.0,0.0,0.0,0.0,1.6,0.2,1.2,9.0,0.2,0.0,0.0,0.0,0.0,0.0,1.5,11.3
34,"Jones, Ronald",TBB,@ATL,RB,10.4,53.0,0.3,0.2,0.0,0.0,0.0,0.0,0.1,3.1,0.2,2.2,15.0,0.1,0.1,0.0,0.0,0.0,0.2,0.8,10.7
35,"Fournette, Leonard",TBB,@ATL,RB,9.1,38.0,0.3,0.3,0.0,0.0,0.0,0.0,0.0,4.2,0.5,3.1,19.0,0.0,0.1,0.0,0.0,0.0,0.0,1.0,10.7
36,"Hines, Nyheim",IND,HOU,RB,5.4,18.0,0.1,0.1,0.0,0.0,0.0,0.0,0.0,5.3,0.6,3.7,31.0,0.2,0.1,0.1,14.0,8.0,0.0,0.9,10.5
37,"Johnson, Duke",HOU,@IND,RB,9.7,34.0,0.2,0.2,0.0,0.0,0.0,0.0,0.0,3.5,0.8,2.7,24.0,0.1,0.1,0.1,0.0,0.0,0.1,0.8,10.5
38,"Ingram, Mark",BAL,JAC,RB,10.6,48.0,0.4,0.4,0.0,0.0,0.1,0.0,0.0,1.4,0.2,1.1,11.0,0.1,0.0,0.0,0.0,0.0,0.1,1.3,10.2
39,"Singletary, Devin",BUF,@DEN,RB,11.4,52.0,0.1,0.1,0.0,0.0,0.0,0.0,0.0,4.0,0.3,2.7,20.0,0.0,0.1,0.0,0.0,0.0,0.1,0.5,10.1
40,"Edmonds, Chase",ARI,PHI,RB,6.1,29.0,0.1,0.0,0.0,0.1,0.0,0.0,0.0,3.4,0.6,2.9,22.0,0.2,0.1,0.0,0.0,22.0,0.0,0.6,9.7
41,"McKinnon, Jerick",SFO,@DAL,RB,7.8,29.0,0.4,0.2,0.1,0.0,0.0,0.0,0.0,3.4,0.4,2.3,18.0,0.1,0.1,0.0,0.0,12.0,0.0,1.0,9.6
42,"Murray, Latavius",NOS,KCC,RB,10.2,46.0,0.3,0.2,0.0,0.0,0.1,0.0,0.0,1.8,0.3,1.5,12.0,0.0,0.1,0.0,0.0,0.0,0.0,0.8,9.5
43,"Williams, Jamaal",GBP,CAR,RB,7.9,32.0,0.1,0.1,0.1,0.0,0.0,0.0,0.0,3.0,0.3,2.4,18.0,0.2,0.1,0.0,0.0,1.0,0.0,0.8,9.2
44,"McKissic, J.D.",WAS,SEA,RB,4.6,22.0,0.1,0.1,0.0,0.0,0.0,0.0,0.0,5.4,0.5,3.8,27.0,0.0,0.1,0.1,0.0,0.0,0.1,0.2,9.2
45,"Perine, Lamical",NYJ,@LAR,RB,10.7,38.0,0.3,0.3,0.0,0.0,0.0,0.0,0.0,2.6,0.3,2.1,14.0,0.0,0.1,0.0,0.0,0.0,0.0,0.3,8.8
46,"Ballage, Kalen",LAC,@LVR,RB,9.2,34.0,0.2,0.2,0.0,0.0,0.0,0.0,0.0,3.1,0.6,2.4,15.0,0.0,0.1,0.0,0.0,0.0,0.1,0.7,8.6
47,"Scott, Boston",PHI,@ARI,RB,6.1,30.0,0.1,0.1,0.0,0.0,0.0,0.0,0.1,2.9,0.4,2.4,19.0,0.1,0.1,0.0,1.0,29.0,0.0,0.8,8.5
48,"Peterson, Adrian",DET,@TEN,RB,10.1,39.0,0.4,0.4,0.0,0.0,0.0,0.0,0.0,1.7,0.1,1.2,8.0,0.0,0.0,0.0,0.0,0.0,0.0,1.1,8.3
49,"White, James",NEP,@MIA,RB,3.6,14.0,0.3,0.2,0.0,0.0,0.0,0.0,0.0,3.6,0.3,2.8,21.0,0.1,0.1,0.0,0.0,1.0,0.1,0.5,8.2
50,"Hyde, Carlos",SEA,@WAS,RB,9.2,36.0,0.3,0.2,0.0,0.1,0.0,0.0,0.0,1.8,0.1,1.4,12.0,0.1,0.1,0.0,0.0,1.0,0.0,0.9,8.1
51,"Lindsay, Phillip",DEN,BUF,RB,11.1,51.0,0.2,0.1,0.0,0.0,0.0,0.0,0.1,1.6,0.2,0.9,5.0,0.0,0.0,0.0,0.0,0.0,0.0,0.5,7.7
52,"Coleman, Tevin",SFO,@DAL,RB,7.9,28.0,0.3,0.2,0.1,0.0,0.0,0.0,0.0,1.9,0.4,1.4,14.0,0.0,0.1,0.0,0.0,1.0,0.0,0.8,7.7
53,"Bernard, Giovani",CIN,PIT,RB,5.3,17.0,0.1,0.1,0.1,0.0,0.0,0.0,0.0,3.7,0.5,2.8,21.0,0.1,0.1,0.0,0.0,2.0,0.0,0.8,7.7
54,"Henderson, Darrell",LAR,NYJ,RB,8.1,34.0,0.3,0.3,0.0,0.0,0.0,0.0,0.0,1.4,0.1,1.1,10.0,0.0,0.0,0.0,0.0,0.0,0.1,1.0,7.2
55,"Edwards, Gus",BAL,JAC,RB,9.6,43.0,0.3,0.3,0.0,0.0,0.0,0.0,0.0,1.0,0.0,0.5,6.0,0.0,0.0,0.0,0.0,0.0,0.1,0.7,7.2
56,"Johnson, Kerryon",DET,@TEN,RB,6.2,23.0,0.2,0.2,0.0,0.0,0.0,0.0,0.0,2.3,0.2,1.7,18.0,0.0,0.1,0.0,0.0,1.0,0.1,0.4,7.1
57,"Booker, Devontae",LVR,LAC,RB,5.6,31.0,0.3,0.1,0.0,0.2,0.0,0.0,0.0,1.7,0.2,1.3,9.0,0.0,0.0,0.0,0.0,6.0,0.0,0.4,7.1
58,"Brown, Malcolm",LAR,NYJ,RB,7.2,32.0,0.4,0.4,0.0,0.0,0.0,0.0,0.0,1.3,0.1,1.0,6.0,0.0,0.0,0.0,0.0,1.0,0.0,0.6,7.0
59,"Gore, Frank",NYJ,@LAR,RB,11.4,42.0,0.1,0.1,0.0,0.0,0.0,0.0,0.0,1.6,0.2,1.3,7.0,0.0,0.0,0.0,0.0,2.0,0.0,0.4,6.7
60,"Wilson, Jeff",SFO,@DAL,RB,4.9,20.0,0.4,0.3,0.1,0.0,0.0,0.0,0.0,0.9,0.2,0.6,7.0,0.1,0.0,0.0,0.0,4.0,0.1,0.7,5.9
61,"Samuels, Jaylen",PIT,@CIN,RB,4.9,14.0,0.2,0.2,0.0,0.0,0.0,0.0,0.0,2.5,0.3,2.0,11.0,0.0,0.0,0.0,0.0,0.1,0.0,0.6,5.9
62,"Pollard, Tony",DAL,SFO,RB,5.5,28.0,0.2,0.1,0.0,0.0,0.0,0.1,0.0,1.7,0.4,1.2,8.0,0.0,0.0,0.0,0.0,32.0,0.0,0.3,5.8
63,"Wilkins, Jordan",IND,HOU,RB,7.2,31.0,0.2,0.2,0.0,0.0,0.0,0.0,0.0,1.2,0.2,0.9,8.0,0.0,0.0,0.0,1.0,1.0,0.0,0.7,5.7
64,"Kelley, Joshua",LAC,@LVR,RB,7.7,25.0,0.2,0.2,0.0,0.0,0.0,0.0,0.0,1.5,0.2,1.4,10.0,0.0,0.0,0.0,0.0,0.0,0.1,0.4,5.6
65,"Hill, Brian",ATL,TBB,RB,6.9,29.0,0.1,0.0,0.0,0.0,0.0,0.0,0.0,1.9,0.2,1.3,9.0,0.0,0.0,0.0,0.0,0.0,0.1,0.4,5.6
66,"Bell, Le'Veon",KCC,@NOS,RB,5.7,20.0,0.2,0.1,0.0,0.0,0.0,0.0,0.0,1.6,0.3,1.3,10.0,0.0,0.0,0.0,0.0,0.0,0.0,0.3,5.6
67,"Snell Jr., Benny",PIT,@CIN,RB,6.9,24.0,0.3,0.3,0.0,0.0,0.0,0.0,0.0,0.5,0.0,0.4,3.0,0.0,0.0,0.0,0.0,0.0,0.0,0.8,4.9
68,"Breida, Matt",MIA,NEP,RB,5.8,23.0,0.0,0.0,0.0,0.0,0.0,0.0,0.0,1.8,0.1,1.5,13.0,0.0,0.1,0.0,0.0,0.0,0.1,0.1,4.9
69,"Dillon, A.J.",GBP,CAR,RB,5.7,23.0,0.0,0.0,0.0,0.0,0.0,0.0,0.0,1.8,0.2,1.1,8.0,0.1,0.0,0.0,0.0,1.0,0.0,0.4,4.8
70,"Mattison, Alexander",MIN,CHI,RB,6.3,28.0,0.1,0.1,0.0,0.0,0.0,0.0,0.0,0.9,0.0,0.7,5.0,0.0,0.0,0.0,0.0,0.0,0.0,0.6,4.4
71,"Nall, Ryan",CHI,@MIN,RB,2.5,8.0,0.0,0.0,0.0,0.0,0.0,0.0,0.0,1.8,0.3,1.4,11.0,0.1,0.1,0.0,2.0,2.0,0.0,0.3,4.1
72,"Dallas, DeeJay",SEA,@WAS,RB,2.4,9.0,0.1,0.1,0.0,0.0,0.0,0.0,0.0,1.4,0.2,1.2,9.0,0.1,0.0,0.0,0.0,5.0,0.0,0.5,4.0
73,"Freeman, Royce",DEN,BUF,RB,3.8,15.0,0.1,0.1,0.0,0.0,0.0,0.0,0.0,1.4,0.3,1.2,8.0,0.0,0.0,0.0,0.0,0.0,0.0,0.1,4.0
74,"Hasty, JaMycal",SFO,@DAL,RB,5.5,19.0,0.1,0.1,0.0,0.0,0.0,0.0,0.0,1.3,0.0,1.1,4.0,0.0,0.0,0.0,0.0,7.0,0.1,0.4,3.9
75,"Evans, Darrynton",TEN,DET,RB,4.1,20.0,0.0,0.0,0.0,0.0,0.0,0.0,0.0,1.2,0.4,0.8,5.0,0.1,0.0,0.0,0.0,0.0,0.0,0.3,3.9
76,"Foreman, D'Onta",TEN,DET,RB,4.3,19.0,0.0,0.0,0.0,0.0,0.0,0.0,0.0,1.1,0.3,0.8,5.0,0.1,0.0,0.0,0.0,0.0,0.0,0.3,3.8
77,"Lewis, Dion",NYG,CLE,RB,2.2,8.0,0.1,0.1,0.0,0.0,0.0,0.0,0.0,1.9,0.3,1.3,9.0,0.1,0.0,0.0,0.0,16.0,0.1,0.2,3.8
78,"Prosise, C.J.",HOU,@IND,RB,3.7,13.0,0.0,0.0,0.0,0.0,0.0,0.0,0.0,1.4,0.4,1.2,6.0,0.1,0.0,0.0,0.0,10.0,0.2,0.5,3.6
79,"Smith, Ito",ATL,TBB,RB,2.5,11.0,0.1,0.1,0.0,0.0,0.0,0.0,0.0,1.4,0.4,1.0,6.0,0.0,0.0,0.0,1.0,2.0,0.0,0.3,3.4
80,"Ahmed, Salvon",MIA,NEP,RB,3.3,12.0,0.1,0.1,0.0,0.0,0.0,0.0,0.0,1.3,0.2,1.0,5.0,0.0,0.0,0.0,0.0,0.0,0.0,0.4,3.2
81,"Penny, Rashaad",SEA,@WAS,RB,3.0,18.0,0.1,0.0,0.0,0.0,0.0,0.0,0.1,0.5,0.0,0.3,4.0,0.0,0.0,0.0,0.0,0.0,0.0,0.3,3.2
82,"Washington, DeAndre",MIA,NEP,RB,4.6,15.0,0.0,0.0,0.0,0.0,0.0,0.0,0.0,1.5,0.2,0.9,6.0,0.0,0.0,0.0,0.0,0.0,0.0,0.3,3.2
83,"Ingold, Alec",LVR,LAC,RB,0.7,3.0,0.0,0.0,0.0,0.0,0.0,0.0,0.0,1.3,0.1,1.0,10.0,0.1,0.0,0.0,0.0,3.0,0.0,0.1,3.0
84,"Homer, Travis",SEA,@WAS,RB,2.1,8.0,0.0,0.0,0.0,0.0,0.0,0.0,0.0,1.1,0.1,0.9,9.0,0.1,0.0,0.0,0.0,24.0,0.0,0.2,3.0
85,"Barber, Peyton",WAS,SEA,RB,5.3,17.0,0.1,0.1,0.0,0.0,0.0,0.0,0.0,0.5,0.0,0.4,3.0,0.0,0.0,0.0,0.0,0.0,0.0,0.2,3.0
86,"Williams, Darrel",KCC,@NOS,RB,1.3,5.0,0.1,0.0,0.0,0.0,0.0,0.0,0.0,1.1,0.1,0.8,5.0,0.0,0.0,0.0,0.0,0.0,0.0,0.1,2.4
87,"McNichols, Jeremy",TEN,DET,RB,3.5,16.0,0.0,0.0,0.0,0.0,0.0,0.0,0.0,0.8,0.3,0.5,2.0,0.0,0.0,0.0,0.0,0.0,0.0,0.1,2.3
88,"Ervin, Tyler",GBP,CAR,RB,0.9,5.0,0.0,0.0,0.0,0.0,0.0,0.0,0.0,1.4,0.1,0.9,6.0,0.0,0.0,0.0,8.0,24.0,0.0,0.0,2.1
89,"Adams, Josh",NYJ,@LAR,RB,2.3,9.0,0.1,0.1,0.0,0.0,0.0,0.0,0.0,0.9,0.0,0.6,2.0,0.0,0.0,0.0,0.0,8.0,0.0,0.0,2.0
90,"Riddick, Theo",LVR,LAC,RB,0.6,3.0,0.0,0.0,0.0,0.0,0.0,0.0,0.0,1.0,0.1,0.8,8.0,0.0,0.0,0.0,0.0,13.0,0.0,0.0,2.0
91,"Johnson, Ty",NYJ,@LAR,RB,2.0,12.0,0.0,0.0,0.0,0.0,0.0,0.0,0.0,1.0,0.0,0.6,3.0,0.0,0.0,0.0,0.0,1.0,0.1,0.1,1.9
92,"Love, Bryce",WAS,SEA,RB,3.0,9.0,0.0,0.0,0.0,0.0,0.0,0.0,0.0,0.6,0.1,0.5,3.0,0.0,0.0,0.0,0.0,2.0,0.0,0.1,1.7
93,"Morris, Alfred",NYG,CLE,RB,3.4,14.0,0.0,0.0,0.0,0.0,0.0,0.0,0.0,0.4,0.1,0.3,1.0,0.0,0.0,0.0,0.0,2.0,0.1,0.1,1.7
94,"McCoy, LeSean",TBB,@ATL,RB,1.3,3.0,0.0,0.0,0.0,0.0,0.0,0.0,0.0,1.0,0.1,0.8,5.0,0.0,0.0,0.0,1.0,3.0,0.0,0.1,1.7
95,"Hill, Justice",BAL,JAC,RB,1.2,6.0,0.0,0.0,0.0,0.0,0.0,0.0,0.0,0.7,0.2,0.5,3.0,0.0,0.0,0.0,0.0,2.0,0.0,0.1,1.5
96,"Clement, Corey",PHI,@ARI,RB,1.8,7.0,0.1,0.1,0.0,0.0,0.0,0.0,0.0,0.6,0.1,0.3,2.0,0.0,0.0,0.0,0.0,4.0,0.1,0.3,1.5
97,"Boone, Mike",MIN,CHI,RB,1.2,7.0,0.1,0.1,0.0,0.0,0.0,0.0,0.0,0.3,0.0,0.2,2.0,0.0,0.0,0.0,0.0,2.0,0.0,0.2,1.4
98,"Thompson, Darwin",KCC,@NOS,RB,2.0,6.0,0.0,0.0,0.0,0.0,0.0,0.0,0.0,0.5,0.1,0.3,1.0,0.0,0.0,0.0,0.0,0.0,0.0,0.1,1.3
99,"Abdullah, Ameer",MIN,CHI,RB,0.5,2.0,0.0,0.0,0.0,0.0,0.0,0.0,0.0,0.6,0.0,0.3,3.0,0.1,0.0,0.0,0.0,18.0,0.0,0.2,1.3
100,"McFarland, Anthony",PIT,@CIN,RB,2.2,6.0,0.0,0.0,0.0,0.0,0.0,0.0,0.0,0.6,0.0,0.4,3.0,0.0,0.0,0.0,0.0,1.0,0.0,0.0,1.2
101,"Johnson, D'Ernest",CLE,@NYG,RB,1.5,7.0,0.0,0.0,0.0,0.0,0.0,0.0,0.0,0.3,0.0,0.2,2.0,0.0,0.0,0.0,1.0,16.0,0.0,0.0,1.1
102,"Taylor, J.J.",NEP,@MIA,RB,1.0,4.0,0.0,0.0,0.0,0.0,0.0,0.0,0.0,0.6,0.1,0.5,2.0,0.0,0.0,0.0,0.0,10.0,0.0,0.1,1.0
103,"Pope, Troymaine",LAC,@LVR,RB,0.9,4.0,0.0,0.0,0.0,0.0,0.0,0.0,0.0,0.5,0.1,0.4,2.0,0.0,0.0,0.0,0.0,7.0,0.0,0.1,1.0
104,"Perine, Samaje",CIN,PIT,RB,1.1,5.0,0.0,0.0,0.0,0.0,0.0,0.0,0.0,0.3,0.1,0.3,1.0,0.0,0.0,0.0,0.0,1.0,0.0,0.1,0.9
105,"Ham, C.J.",MIN,CHI,RB,0.3,1.0,0.0,0.0,0.0,0.0,0.0,0.0,0.0,0.9,0.1,0.4,4.0,0.0,0.0,0.0,0.0,2.0,0.0,0.1,0.9
106,"Montgomery, Ty",NOS,KCC,RB,0.8,2.0,0.0,0.0,0.0,0.0,0.0,0.0,0.0,0.5,0.0,0.4,3.0,0.0,0.0,0.0,0.0,4.0,0.0,0.0,0.9
107,"Perry, Malcolm",MIA,NEP,RB,0.2,1.0,0.0,0.0,0.0,0.0,0.0,0.0,0.0,0.6,0.0,0.4,3.0,0.0,0.0,0.0,0.0,0.0,0.0,0.0,0.8
108,"Smith, Rodney",CAR,@GBP,RB,2.3,6.0,0.0,0.0,0.0,0.0,0.0,0.0,0.0,0.6,0.1,0.2,1.0,0.0,0.0,0.0,0.0,5.0,0.0,0.1,0.8
109,"Armstead, Ryquell",JAC,@BAL,RB,0.5,1.0,0.0,0.0,0.0,0.0,0.0,0.0,0.0,0.4,0.0,0.3,3.0,0.0,0.0,0.0,0.0,4.0,0.0,0.1,0.8
110,"Williams, Trayveon",CIN,PIT,RB,0.9,4.0,0.0,0.0,0.0,0.0,0.0,0.0,0.0,0.2,0.1,0.2,1.0,0.0,0.0,0.0,0.0,0.0,0.0,0.0,0.7
111,"Cannon, Trenton",CAR,@GBP,RB,0.6,3.0,0.0,0.0,0.0,0.0,0.0,0.0,0.0,0.4,0.0,0.3,1.0,0.0,0.0,0.0,0.0,18.0,0.0,0.0,0.7
112,"Ricard, Patrick",BAL,JAC,RB,0.0,0.0,0.0,0.0,0.0,0.0,0.0,0.0,0.0,0.7,0.3,0.4,2.0,0.0,0.0,0.0,0.0,0.0,0.0,0.2,0.6
113,"Smith, Keith",ATL,TBB,RB,0.3,0.0,0.0,0.0,0.0,0.0,0.0,0.0,0.0,0.6,0.0,0.4,1.0,0.0,0.0,0.0,0.0,1.0,0.0,0.0,0.6
114,"Ozigbo, Devine",JAC,@BAL,RB,0.1,0.0,0.0,0.0,0.0,0.0,0.0,0.0,0.0,0.4,0.0,0.4,1.0,0.0,0.0,0.0,1.0,1.0,0.0,0.0,0.5
115,"Washington, Dwayne",NOS,KCC,RB,1.1,4.0,0.0,0.0,0.0,0.0,0.0,0.0,0.0,0.1,0.0,0.1,1.0,0.0,0.0,0.0,0.0,1.0,0.0,0.0,0.5
116,"Miller, Lamar",CHI,@MIN,RB,0.2,1.0,0.0,0.0,0.0,0.0,0.0,0.0,0.0,0.3,0.0,0.3,1.0,0.0,0.0,0.0,0.0,2.0,0.0,0.0,0.5
117,"Janovich, Andy",CLE,@NYG,RB,0.2,0.0,0.0,0.0,0.0,0.0,0.0,0.0,0.0,0.3,0.0,0.2,2.0,0.0,0.0,0.0,0.0,0.0,0.0,0.0,0.4
118,"Taylor, Patrick",GBP,CAR,RB,0.5,2.0,0.0,0.0,0.0,0.0,0.0,0.0,0.0,0.1,0.0,0.0,0.0,0.0,0.0,0.0,0.0,1.0,0.0,0.0,0.3
119,"Ogunbowale, Dare",JAC,@BAL,RB,0.1,0.0,0.0,0.0,0.0,0.0,0.0,0.0,0.0,0.4,0.1,0.2,1.0,0.0,0.0,0.0,0.0,7.0,0.0,0.0,0.3
120,"Barner, Kenjon",TBB,@ATL,RB,0.2,1.0,0.0,0.0,0.0,0.0,0.0,0.0,0.0,0.3,0.0,0.1,1.0,0.0,0.0,0.0,8.0,14.0,0.0,0.0,0.3
121,"Jones, Taiwan",BUF,@DEN,RB,0.4,1.0,0.0,0.0,0.0,0.0,0.0,0.0,0.0,0.2,0.0,0.1,0.0,0.0,0.0,0.0,0.0,0.0,0.0,0.0,0.3
122,"Armah, Alexander",CAR,@GBP,RB,0.5,1.0,0.0,0.0,0.0,0.0,0.0,0.0,0.0,0.4,0.1,0.1,1.0,0.0,0.0,0.0,0.0,0.0,0.0,0.1,0.2
123,"Penny, Elijhaa",NYG,CLE,RB,0.3,0.0,0.0,0.0,0.0,0.0,0.0,0.0,0.0,0.2,0.1,0.1,1.0,0.0,0.0,0.0,0.0,0.0,0.0,0.1,0.2
124,"Burton, Michael",NOS,KCC,RB,0.3,0.0,0.0,0.0,0.0,0.0,0.0,0.0,0.0,0.1,0.0,0.1,1.0,0.0,0.0,0.0,0.0,1.0,0.0,0.0,0.2
125,"Dowdle, Rico",DAL,SFO,RB,0.2,1.0,0.0,0.0,0.0,0.0,0.0,0.0,0.0,0.1,0.0,0.0,0.0,0.0,0.0,0.0,0.0,6.0,0.0,0.0,0.1
126,"Gillaspia, Cullen",HOU,@IND,RB,0.0,0.0,0.0,0.0,0.0,0.0,0.0,0.0,0.0,0.1,0.0,0.1,1.0,0.0,0.0,0.0,0.0,0.0,0.0,0.0,0.1
127,"Logan, T.J.",TBB,@ATL,RB,0.2,0.0,0.0,0.0,0.0,0.0,0.0,0.0,0.0,0.2,0.0,0.1,0.0,0.0,0.0,0.0,8.0,11.0,0.0,0.1,0.1
128,"Ward, Jonathan",ARI,PHI,RB,0.0,-0.0,0.0,0.0,0.0,0.0,0.0,0.0,0.0,0.0,0.0,0.0,0.0,0.0,0.0,0.0,0.0,0.0,0.0,0.0,0.0
129,"Pierce, Artavis",CHI,@MIN,RB,0.1,0.0,0.0,0.0,0.0,0.0,0.0,0.0,0.0,0.0,0.0,0.0,0.0,0.0,0.0,0.0,0.0,0.0,0.0,0.0,0.0
130,"Cox, Jeremy",DEN,BUF,RB,0.0,0.1,0.0,0.0,0.0,0.0,0.0,0.0,0.0,0.0,0.0,0.0,0.0,0.0,0.0,0.0,0.0,0.0,0.0,0.0,0.0
131,"Howell, Buddy",HOU,@IND,RB,0.0,0.1,0.0,0.0,0.0,0.0,0.0,0.0,0.0,0.0,0.0,0.0,0.0,0.0,0.0,0.0,0.0,0.0,0.0,0.0,0.0
132,"Edmunds, Trey",PIT,@CIN,RB,0.0,0.0,0.0,0.0,0.0,0.0,0.0,0.0,0.0,0.0,0.0,0.0,0.0,0.0,0.0,0.0,0.0,0.0,0.0,0.0,0.0
133,"Watt, Derek",PIT,@CIN,RB,0.1,0.1,0.0,0.0,0.0,0.0,0.0,0.0,0.0,0.0,0.0,0.0,0.0,0.0,0.0,0.0,0.0,0.0,0.0,0.0,0.0
134,"Sherman, Anthony",KCC,@NOS,RB,0.0,0.1,0.0,0.0,0.0,0.0,0.0,0.0,0.0,0.0,0.0,0.0,0.0,0.0,0.0,0.0,0.0,0.0,0.0,0.0,0.0

